238,18,Drama
238,80,Crime
278,18,Drama
278,80,Crime
240,18,Drama
240,80,Crime
424,18,Drama
424,36,History
424,10752,War
19404,35,Comedy
19404,18,Drama
19404,10749,Romance
389,18,Drama
129,16,Animation
129,10751,Family
129,14,Fantasy
496243,35,Comedy
496243,53,Thriller
496243,18,Drama
155,18,Drama
155,28,Action
155,80,Crime
155,53,Thriller
497,14,Fantasy
497,18,Drama
497,80,Crime
372058,10749,Romance
372058,16,Animation
372058,18,Drama
680,53,Thriller
680,80,Crime
122,12,Adventure
122,14,Fantasy
122,28,Action
13,35,Comedy
13,18,Drama
13,10749,Romance
429,37,Western
769,18,Drama
769,80,Crime
12477,16,Animation
12477,18,Drama
12477,10752,War
637,35,Comedy
637,18,Drama
346,28,Action
346,18,Drama
11216,18,Drama
11216,10749,Romance
550,18,Drama
667257,10751,Family
667257,18,Drama
568332,10402,Music
696374,10749,Romance
696374,18,Drama
539,27,Horror
539,18,Drama
539,53,Thriller
598,18,Drama
598,80,Crime
311,18,Drama
311,80,Crime
510,18,Drama
724089,10749,Romance
724089,18,Drama
157336,12,Adventure
157336,18,Drama
157336,878,Science Fiction
620249,16,Animation
620249,14,Fantasy
620249,28,Action
372754,10749,Romance
372754,16,Animation
761053,10749,Romance
761053,18,Drama
120,12,Adventure
120,14,Fantasy
120,28,Action
324857,28,Action
324857,12,Adventure
324857,16,Animation
324857,878,Science Fiction
40096,35,Comedy
40096,18,Drama
40096,14,Fantasy
4935,14,Fantasy
4935,16,Animation
4935,12,Adventure
569094,16,Animation
569094,28,Action
569094,12,Adventure
569094,878,Science Fiction
14537,28,Action
14537,18,Drama
14537,36,History
378064,16,Animation
378064,18,Drama
255709,18,Drama
1891,12,Adventure
1891,28,Action
1891,878,Science Fiction
121,12,Adventure
121,14,Fantasy
121,28,Action
423,18,Drama
423,10752,War
244786,18,Drama
244786,10402,Music
995133,16,Animation
995133,10751,Family
995133,12,Adventure
995133,14,Fantasy
807,80,Crime
807,9648,Mystery
807,53,Thriller
27205,28,Action
27205,878,Science Fiction
27205,12,Adventure
820067,16,Animation
820067,35,Comedy
820067,10749,Romance
567,53,Thriller
567,9648,Mystery
92321,10749,Romance
92321,16,Animation
92321,14,Fantasy
73,18,Drama
274,80,Crime
274,18,Drama
274,53,Thriller
128,12,Adventure
128,14,Fantasy
128,16,Animation
1026227,35,Comedy
1026227,18,Drama
914,35,Comedy
914,10752,War
18491,16,Animation
18491,878,Science Fiction
18491,28,Action
18491,18,Drama
599,18,Drama
3782,18,Drama
644479,18,Drama
644479,35,Comedy
652837,16,Animation
652837,18,Drama
652837,10749,Romance
533514,16,Animation
533514,14,Fantasy
533514,10749,Romance
533514,18,Drama
105,12,Adventure
105,35,Comedy
105,878,Science Fiction
207,18,Drama
101,80,Crime
101,18,Drama
101,28,Action
12493,80,Crime
12493,18,Drama
12493,9648,Mystery
12493,53,Thriller
901,35,Comedy
901,10749,Romance
901,18,Drama
29259,18,Drama
29259,53,Thriller
29259,80,Crime
3082,35,Comedy
3082,18,Drama
25237,18,Drama
25237,10752,War
283566,16,Animation
283566,28,Action
283566,878,Science Fiction
283566,18,Drama
10494,16,Animation
10494,53,Thriller
335,18,Drama
335,37,Western
447362,18,Drama
447362,10749,Romance
28,18,Drama
28,10752,War
527641,10749,Romance
527641,18,Drama
77338,18,Drama
77338,35,Comedy
975,18,Drama
975,10752,War
16672,18,Drama
16672,53,Thriller
637920,18,Drama
632632,16,Animation
632632,18,Drama
632632,10402,Music
632632,10749,Romance
630566,10402,Music
630566,18,Drama
630566,10749,Romance
670,18,Drama
670,53,Thriller
670,9648,Mystery
670,28,Action
42269,18,Drama
42269,35,Comedy
10376,18,Drama
10376,10402,Music
1585,18,Drama
1585,10751,Family
1585,14,Fantasy
618344,16,Animation
618344,28,Action
618344,878,Science Fiction
315162,12,Adventure
315162,14,Fantasy
315162,16,Animation
315162,35,Comedy
315162,10751,Family
315162,28,Action
299534,12,Adventure
299534,878,Science Fiction
299534,28,Action
20334,35,Comedy
20334,18,Drama
20334,10749,Romance
635302,28,Action
635302,16,Animation
635302,12,Adventure
635302,14,Fantasy
635302,53,Thriller
8587,10751,Family
8587,16,Animation
8587,18,Drama
299536,12,Adventure
299536,28,Action
299536,878,Science Fiction
504253,16,Animation
504253,18,Drama
504253,10749,Romance
508965,16,Animation
508965,10751,Family
508965,12,Adventure
508965,35,Comedy
508965,14,Fantasy
361743,28,Action
361743,18,Drama
265177,18,Drama
490132,18,Drama
490132,36,History
572154,16,Animation
572154,35,Comedy
572154,10749,Romance
572154,18,Drama
572154,14,Fantasy
290098,53,Thriller
290098,18,Drama
290098,10749,Romance
568300,10402,Music
110420,16,Animation
110420,10751,Family
110420,18,Drama
110420,14,Fantasy
110420,12,Adventure
441130,16,Animation
441130,10751,Family
441130,12,Adventure
441130,14,Fantasy
851644,10749,Romance
851644,18,Drama
24188,18,Drama
24188,35,Comedy
626332,35,Comedy
626332,18,Drama
537061,10770,TV Movie
537061,16,Animation
537061,878,Science Fiction
537061,28,Action
537061,12,Adventure
537061,35,Comedy
537061,18,Drama
537061,14,Fantasy
537061,10402,Music
694,27,Horror
694,53,Thriller
797,18,Drama
284,35,Comedy
284,18,Drama
284,10749,Romance
556574,36,History
556574,18,Drama
354912,10751,Family
354912,16,Animation
354912,14,Fantasy
354912,10402,Music
354912,35,Comedy
354912,12,Adventure
37257,18,Drama
37257,9648,Mystery
37257,80,Crime
16869,18,Drama
16869,53,Thriller
16869,10752,War
476292,12,Adventure
476292,16,Animation
476292,18,Drama
476292,10751,Family
476292,14,Fantasy
476292,10749,Romance
185,878,Science Fiction
185,80,Crime
98,28,Action
98,18,Drama
98,12,Adventure
857,18,Drama
857,36,History
857,10752,War
5156,18,Drama
603,28,Action
603,878,Science Fiction
522924,18,Drama
522924,10749,Romance
810693,16,Animation
810693,28,Action
810693,14,Fantasy
1124,18,Drama
1124,9648,Mystery
1124,878,Science Fiction
11,12,Adventure
11,28,Action
11,878,Science Fiction
50014,18,Drama
610892,18,Drama
610892,14,Fantasy
610892,16,Animation
11324,18,Drama
11324,53,Thriller
11324,9648,Mystery
26451,18,Drama
26451,53,Thriller
654299,35,Comedy
654299,18,Drama
654299,10402,Music
490,14,Fantasy
490,18,Drama
575813,18,Drama
324786,18,Drama
324786,36,History
324786,10752,War
10098,35,Comedy
10098,18,Drama
629,18,Drama
629,80,Crime
629,53,Thriller
133919,18,Drama
133919,10749,Romance
77,9648,Mystery
77,53,Thriller
791373,28,Action
791373,12,Adventure
791373,14,Fantasy
592350,16,Animation
592350,28,Action
592350,14,Fantasy
592350,12,Adventure
313106,878,Science Fiction
313106,12,Adventure
18148,18,Drama
517814,18,Drama
68718,18,Drama
68718,37,Western
426,9648,Mystery
426,10749,Romance
426,53,Thriller
1398,878,Science Fiction
1398,18,Drama
606856,12,Adventure
606856,10751,Family
111,28,Action
111,80,Crime
111,18,Drama
289,18,Drama
289,10749,Romance
1422,18,Drama
1422,53,Thriller
1422,80,Crime
555604,16,Animation
555604,14,Fantasy
555604,18,Drama
555604,10751,Family
475557,80,Crime
475557,53,Thriller
475557,18,Drama
872,35,Comedy
872,10749,Romance
620683,35,Comedy
422,18,Drama
398818,10749,Romance
398818,18,Drama
531428,18,Drama
531428,10749,Romance
399106,10751,Family
399106,16,Animation
92060,27,Horror
92060,10402,Music
458220,18,Drama
81481,18,Drama
103,80,Crime
103,18,Drama
55823,18,Drama
55823,35,Comedy
55823,10752,War
518068,28,Action
518068,12,Adventure
518068,18,Drama
518068,14,Fantasy
518068,53,Thriller
518068,9648,Mystery
470044,80,Crime
470044,18,Drama
348,27,Horror
348,878,Science Fiction
406997,18,Drama
406997,10751,Family
20914,35,Comedy
19,18,Drama
19,878,Science Fiction
762975,10749,Romance
762975,18,Drama
20532,18,Drama
489,18,Drama
755812,16,Animation
755812,10770,TV Movie
755812,14,Fantasy
755812,28,Action
600354,18,Drama
508442,16,Animation
508442,10751,Family
508442,35,Comedy
508442,14,Fantasy
508442,18,Drama
666,18,Drama
600,18,Drama
600,10752,War
37165,35,Comedy
37165,18,Drama
439,35,Comedy
439,18,Drama
532067,16,Animation
532067,12,Adventure
532067,35,Comedy
532067,14,Fantasy
664767,16,Animation
664767,28,Action
664767,14,Fantasy
500,80,Crime
500,53,Thriller
872585,18,Drama
872585,36,History
935,35,Comedy
935,10752,War
614,18,Drama
20941,18,Drama
20941,10752,War
411088,18,Drama
411088,9648,Mystery
411088,53,Thriller
100,35,Comedy
100,80,Crime
2457,18,Drama
2457,10749,Romance
705,18,Drama
1000492,18,Drama
548,80,Crime
548,18,Drama
548,9648,Mystery
996,80,Crime
996,53,Thriller
640344,10751,Family
640344,14,Fantasy
11878,18,Drama
11878,53,Thriller
823754,35,Comedy
823754,18,Drama
38288,35,Comedy
9702,80,Crime
9702,28,Action
9702,18,Drama
9702,53,Thriller
930094,35,Comedy
930094,10749,Romance
397567,28,Action
397567,12,Adventure
397567,18,Drama
397567,14,Fantasy
397567,53,Thriller
397567,9648,Mystery
239,35,Comedy
239,10749,Romance
239,80,Crime
149871,16,Animation
149871,18,Drama
149871,14,Fantasy
103663,18,Drama
24382,35,Comedy
24382,80,Crime
280,28,Action
280,53,Thriller
280,878,Science Fiction
472454,18,Drama
472454,10752,War
472454,36,History
12445,14,Fantasy
12445,12,Adventure
38,878,Science Fiction
38,18,Drama
38,10749,Romance
46738,18,Drama
46738,10752,War
46738,9648,Mystery
550776,18,Drama
550776,10770,TV Movie
843,18,Drama
843,10749,Romance
146233,18,Drama
146233,53,Thriller
146233,80,Crime
655,18,Drama
832,18,Drama
832,53,Thriller
832,80,Crime
663558,16,Animation
663558,28,Action
663558,14,Fantasy
4348,18,Drama
4348,10749,Romance
992,28,Action
992,35,Comedy
992,9648,Mystery
678512,28,Action
678512,18,Drama
7345,18,Drama
406,18,Drama
1010581,18,Drama
1010581,10749,Romance
334543,18,Drama
3780,18,Drama
359940,80,Crime
359940,18,Drama
10681,16,Animation
10681,10751,Family
10681,878,Science Fiction
62,878,Science Fiction
62,9648,Mystery
62,12,Adventure
387,18,Drama
387,36,History
387,10752,War
638507,16,Animation
638507,14,Fantasy
638507,12,Adventure
638507,28,Action
638507,10751,Family
21634,18,Drama
21634,36,History
21634,10770,TV Movie
11645,28,Action
11645,18,Drama
11645,36,History
895,18,Drama
895,36,History
8392,14,Fantasy
8392,16,Animation
8392,10751,Family
437068,28,Action
437068,18,Drama
437068,36,History
11423,80,Crime
11423,18,Drama
11423,53,Thriller
8422,18,Drama
8422,10749,Romance
785534,18,Drama
831827,16,Animation
831827,10751,Family
147,18,Drama
7347,18,Drama
7347,28,Action
7347,80,Crime
800,80,Crime
800,18,Drama
381284,18,Drama
381284,36,History
11659,18,Drama
11659,36,History
11659,10749,Romance
26022,18,Drama
26022,10749,Romance
1091,27,Horror
1091,9648,Mystery
1091,878,Science Fiction
522518,10751,Family
522518,12,Adventure
522518,18,Drama
120467,35,Comedy
120467,18,Drama
538362,18,Drama
610461,35,Comedy
1955,18,Drama
1955,36,History
337404,35,Comedy
337404,80,Crime
42229,18,Drama
42229,10749,Romance
400928,18,Drama
400928,35,Comedy
821,18,Drama
526702,18,Drama
678580,35,Comedy
449176,35,Comedy
449176,18,Drama
449176,10749,Romance
310569,18,Drama
515001,35,Comedy
515001,10752,War
515001,18,Drama
279,36,History
279,10402,Music
279,18,Drama
106646,80,Crime
106646,18,Drama
106646,35,Comedy
582,18,Drama
582,53,Thriller
55960,35,Comedy
55960,10749,Romance
780,18,Drama
780,36,History
264644,18,Drama
264644,53,Thriller
204,18,Drama
204,53,Thriller
204,12,Adventure
20530,18,Drama
641,80,Crime
641,18,Drama
339877,16,Animation
339877,18,Drama
339877,9648,Mystery
339877,36,History
673,12,Adventure
673,14,Fantasy
307,18,Drama
307,36,History
307,10752,War
14,18,Drama
938,37,Western
9277,35,Comedy
9277,80,Crime
9277,18,Drama
521,53,Thriller
521,80,Crime
962,12,Adventure
962,35,Comedy
962,18,Drama
110416,10751,Family
110416,16,Animation
110416,14,Fantasy
15,9648,Mystery
15,18,Drama
455661,10751,Family
455661,16,Animation
455661,10749,Romance
455661,35,Comedy
359724,18,Drama
359724,28,Action
359724,36,History
1396,18,Drama
1396,36,History
524,80,Crime
524,18,Drama
524,36,History
429210,35,Comedy
429210,18,Drama
28178,18,Drama
28178,10751,Family
9764,28,Action
9764,12,Adventure
9764,18,Drama
205596,36,History
205596,18,Drama
205596,53,Thriller
205596,10752,War
980489,12,Adventure
980489,28,Action
980489,18,Drama
5801,18,Drama
28422,28,Action
28422,35,Comedy
28422,18,Drama
28422,10749,Romance
3175,18,Drama
3175,10749,Romance
3175,10752,War
615457,28,Action
615457,53,Thriller
574074,16,Animation
574074,10751,Family
574074,18,Drama
447365,878,Science Fiction
447365,12,Adventure
447365,28,Action
28978,35,Comedy
28978,10749,Romance
568160,16,Animation
568160,18,Drama
568160,14,Fantasy
568160,10749,Romance
140420,16,Animation
140420,10751,Family
140420,10749,Romance
11778,18,Drama
11778,10752,War
11104,18,Drama
11104,35,Comedy
11104,10749,Romance
13223,18,Drama
424694,10402,Music
424694,18,Drama
378108,18,Drama
378108,16,Animation
378108,10749,Romance
378108,10752,War
378108,36,History
595,18,Drama
530915,10752,War
530915,28,Action
530915,18,Drama
315465,28,Action
315465,12,Adventure
315465,16,Animation
315465,18,Drama
315465,10751,Family
315465,14,Fantasy
20453,18,Drama
20453,35,Comedy
18438,18,Drama
18438,35,Comedy
18438,10749,Romance
2517,18,Drama
19426,18,Drama
1002185,18,Drama
1002185,36,History
916224,16,Animation
916224,18,Drama
916224,12,Adventure
916224,14,Fantasy
25376,9648,Mystery
25376,53,Thriller
25376,18,Drama
12761,18,Drama
213,9648,Mystery
213,53,Thriller
213,12,Adventure
43949,10749,Romance
43949,18,Drama
634649,28,Action
634649,12,Adventure
634649,878,Science Fiction
554596,35,Comedy
7508,18,Drama
947,12,Adventure
947,18,Drama
947,36,History
947,10752,War
12104,10402,Music
12104,18,Drama
414419,28,Action
414419,80,Crime
414419,53,Thriller
488623,53,Thriller
488623,9648,Mystery
488623,18,Drama
640,18,Drama
640,80,Crime
15383,10752,War
15383,18,Drama
15383,53,Thriller
862,16,Animation
862,12,Adventure
862,10751,Family
862,35,Comedy
10515,12,Adventure
10515,14,Fantasy
10515,16,Animation
10515,28,Action
10515,10751,Family
10515,10749,Romance
24,28,Action
24,80,Crime
627,18,Drama
627,80,Crime
14696,14,Fantasy
14696,18,Drama
14696,9648,Mystery
961,35,Comedy
961,10752,War
961,12,Adventure
961,28,Action
961,36,History
961,10749,Romance
770,18,Drama
770,10752,War
770,10749,Romance
76,18,Drama
76,10749,Romance
776503,18,Drama
776503,10402,Music
776503,10749,Romance
38286,35,Comedy
11658,28,Action
11658,12,Adventure
11658,18,Drama
11658,36,History
11658,10752,War
3090,12,Adventure
3090,18,Drama
3090,37,Western
1580,53,Thriller
1580,80,Crime
1580,18,Drama
38360,18,Drama
38360,10749,Romance
38360,10752,War
961323,16,Animation
961323,14,Fantasy
961323,12,Adventure
70,18,Drama
19542,18,Drama
19542,10749,Romance
1059,18,Drama
1059,28,Action
1059,12,Adventure
920394,18,Drama
920394,10402,Music
426618,10752,War
426618,18,Drama
426618,10749,Romance
234,18,Drama
234,27,Horror
234,53,Thriller
234,80,Crime
160885,35,Comedy
29264,35,Comedy
29264,18,Drama
29264,14,Fantasy
20803,35,Comedy
20803,878,Science Fiction
14160,16,Animation
14160,35,Comedy
14160,10751,Family
14160,12,Adventure
1578,18,Drama
482321,16,Animation
482321,878,Science Fiction
482321,10751,Family
482321,35,Comedy
242828,16,Animation
242828,18,Drama
550205,16,Animation
550205,10751,Family
550205,35,Comedy
550205,14,Fantasy
745,9648,Mystery
745,53,Thriller
745,18,Drama
15244,18,Drama
15244,53,Thriller
76203,18,Drama
76203,36,History
1092,53,Thriller
1092,9648,Mystery
41050,18,Drama
41050,10749,Romance
149,16,Animation
149,878,Science Fiction
149,28,Action
714888,18,Drama
714888,36,History
158445,18,Drama
158445,35,Comedy
5925,12,Adventure
5925,18,Drama
5925,36,History
5925,53,Thriller
5925,10752,War
329,12,Adventure
329,878,Science Fiction
237791,18,Drama
237791,10749,Romance
615453,16,Animation
615453,14,Fantasy
615453,12,Adventure
775,12,Adventure
775,878,Science Fiction
28971,10749,Romance
28971,18,Drama
28971,10402,Music
110,18,Drama
110,9648,Mystery
110,10749,Romance
21334,18,Drama
21334,10751,Family
679,28,Action
679,53,Thriller
679,878,Science Fiction
654,80,Crime
654,18,Drama
654,10749,Romance
10238,18,Drama
37797,16,Animation
37797,18,Drama
37797,10751,Family
6977,80,Crime
6977,18,Drama
6977,53,Thriller
197,28,Action
197,18,Drama
197,36,History
197,10752,War
458302,12,Adventure
458302,10751,Family
458302,18,Drama
11010,35,Comedy
11010,18,Drama
11010,10749,Romance
20722,16,Animation
78,878,Science Fiction
78,18,Drama
78,53,Thriller
552532,18,Drama
152532,18,Drama
152532,36,History
31411,35,Comedy
31411,10749,Romance
31411,18,Drama
11712,18,Drama
11712,28,Action
11712,35,Comedy
81,12,Adventure
81,16,Animation
81,14,Fantasy
3777,18,Drama
3777,36,History
10386,10751,Family
10386,16,Animation
10386,878,Science Fiction
10386,18,Drama
9323,28,Action
9323,16,Animation
9323,878,Science Fiction
405,18,Drama
30017,80,Crime
30017,18,Drama
85,12,Adventure
85,28,Action
360814,18,Drama
360814,10751,Family
360814,35,Comedy
360814,28,Action
10404,18,Drama
501929,16,Animation
501929,12,Adventure
501929,35,Comedy
142061,878,Science Fiction
142061,28,Action
142061,16,Animation
142061,9648,Mystery
10242,18,Drama
10242,27,Horror
10242,53,Thriller
17295,18,Drama
17295,10752,War
17295,36,History
8290,35,Comedy
8290,10752,War
522402,878,Science Fiction
522402,18,Drama
522402,12,Adventure
491480,18,Drama
491480,36,History
491480,10751,Family
404378,10751,Family
404378,18,Drama
150540,16,Animation
150540,10751,Family
150540,12,Adventure
150540,18,Drama
150540,35,Comedy
785084,18,Drama
296096,18,Drama
296096,10749,Romance
698948,18,Drama
698948,53,Thriller
10997,18,Drama
829,80,Crime
829,18,Drama
829,9648,Mystery
829,53,Thriller
10674,16,Animation
10674,10751,Family
10674,12,Adventure
671,12,Adventure
671,14,Fantasy
334533,12,Adventure
334533,18,Drama
610150,16,Animation
610150,878,Science Fiction
610150,28,Action
122906,18,Drama
122906,10749,Romance
122906,14,Fantasy
33,37,Western
183011,878,Science Fiction
183011,16,Animation
183011,28,Action
183011,12,Adventure
20271,35,Comedy
20271,80,Crime
1646,80,Crime
1646,18,Drama
223,9648,Mystery
223,10749,Romance
223,53,Thriller
223,18,Drama
455714,18,Drama
455714,80,Crime
455714,53,Thriller
455714,35,Comedy
47796,18,Drama
31442,18,Drama
31442,10752,War
949,28,Action
949,80,Crime
949,18,Drama
10728,18,Drama
10728,14,Fantasy
10728,27,Horror
7857,35,Comedy
7857,18,Drama
2011,16,Animation
2011,18,Drama
438695,16,Animation
438695,10751,Family
438695,10402,Music
438695,35,Comedy
118340,28,Action
118340,878,Science Fiction
118340,12,Adventure
316029,18,Drama
194,35,Comedy
194,10749,Romance
60243,18,Drama
667520,16,Animation
667520,18,Drama
667520,10749,Romance
667520,14,Fantasy
666277,18,Drama
666277,10749,Romance
1402,18,Drama
505262,16,Animation
505262,28,Action
505262,12,Adventure
505262,14,Fantasy
313369,35,Comedy
313369,18,Drama
313369,10749,Romance
313369,10402,Music
522212,18,Drama
522212,80,Crime
522212,36,History
597,18,Drama
597,10749,Romance
7984,18,Drama
3034,35,Comedy
752,28,Action
752,53,Thriller
752,878,Science Fiction
331482,18,Drama
331482,10749,Romance
13398,16,Animation
13398,18,Drama
13398,35,Comedy
1892,12,Adventure
1892,28,Action
1892,878,Science Fiction
210577,9648,Mystery
210577,53,Thriller
210577,18,Drama
726684,16,Animation
726684,14,Fantasy
726684,28,Action
726684,10770,TV Movie
503314,28,Action
503314,878,Science Fiction
503314,16,Animation
32085,16,Animation
32085,14,Fantasy
715931,18,Drama
715931,10752,War
715931,36,History
354857,16,Animation
354857,35,Comedy
354857,878,Science Fiction
354857,10770,TV Movie
354857,12,Adventure
354857,28,Action
2721,53,Thriller
2721,80,Crime
2721,18,Drama
11036,10749,Romance
11036,18,Drama
3112,80,Crime
3112,18,Drama
3112,53,Thriller
662,10749,Romance
662,878,Science Fiction
527774,16,Animation
527774,10751,Family
527774,14,Fantasy
527774,28,Action
527774,12,Adventure
198,35,Comedy
198,10752,War
827,18,Drama
827,27,Horror
827,53,Thriller
25538,18,Drama
523781,18,Drama
523781,10749,Romance
804,10749,Romance
804,35,Comedy
804,18,Drama
712454,16,Animation
712454,12,Adventure
712454,9648,Mystery
3870,18,Drama
3870,36,History
3083,35,Comedy
3083,18,Drama
393,28,Action
393,80,Crime
393,53,Thriller
594634,10749,Romance
594634,18,Drama
369557,10749,Romance
369557,18,Drama
369557,10402,Music
530254,28,Action
530254,9648,Mystery
530254,53,Thriller
530254,878,Science Fiction
11830,35,Comedy
48035,18,Drama
665,36,History
665,18,Drama
665,12,Adventure
665,28,Action
530254,28,Action
530254,9648,Mystery
530254,53,Thriller
530254,878,Science Fiction
24238,16,Animation
24238,35,Comedy
24238,18,Drama
652722,10749,Romance
652722,53,Thriller
381341,35,Comedy
381341,18,Drama
94047,18,Drama
94047,28,Action
94047,36,History
94047,10752,War
275,80,Crime
275,18,Drama
275,53,Thriller
265195,18,Drama
265195,53,Thriller
265195,35,Comedy
180147,35,Comedy
3078,35,Comedy
3078,10749,Romance
29455,18,Drama
24167,18,Drama
24167,10752,War
14836,16,Animation
14836,10751,Family
14836,14,Fantasy
1394,18,Drama
1394,10749,Romance
16,18,Drama
16,80,Crime
505192,18,Drama
505192,80,Crime
505192,53,Thriller
379170,80,Crime
379170,18,Drama
379170,9648,Mystery
379170,10770,TV Movie
11293,35,Comedy
11293,80,Crime
11293,18,Drama
833,18,Drama
777,18,Drama
777,36,History
777,10752,War
152601,10749,Romance
152601,878,Science Fiction
152601,18,Drama
430424,18,Drama
430424,80,Crime
430424,10752,War
266856,18,Drama
266856,10749,Romance
632322,10749,Romance
632322,18,Drama
25364,18,Drama
1607,18,Drama
1607,80,Crime
938008,28,Action
938008,80,Crime
938008,53,Thriller
613,18,Drama
613,36,History
613,10752,War
453,18,Drama
453,10749,Romance
508943,16,Animation
508943,35,Comedy
508943,14,Fantasy
508943,12,Adventure
508943,10751,Family
399174,12,Adventure
399174,35,Comedy
399174,16,Animation
185789,53,Thriller
185789,10770,TV Movie
185789,18,Drama
185789,9648,Mystery
2440,10752,War
2440,18,Drama
2440,53,Thriller
2440,28,Action
113,18,Drama
698508,10749,Romance
698508,18,Drama
698508,37,Western
235,80,Crime
235,18,Drama
593,18,Drama
593,878,Science Fiction
593,9648,Mystery
89,12,Adventure
89,28,Action
89,12,Adventure
89,28,Action
16804,18,Drama
32480,35,Comedy
581,12,Adventure
581,18,Drama
581,37,Western
391,37,Western
579245,35,Comedy
579245,18,Drama
33320,16,Animation
33320,18,Drama
33320,10749,Romance
546554,35,Comedy
546554,80,Crime
546554,9648,Mystery
1675,35,Comedy
1675,18,Drama
398924,10752,War
398924,18,Drama
5924,80,Crime
5924,18,Drama
293299,16,Animation
293299,35,Comedy
293299,18,Drama
293299,10751,Family
59440,18,Drama
59440,28,Action
9479,14,Fantasy
9479,16,Animation
9479,10751,Family
115,35,Comedy
115,80,Crime
93,80,Crime
93,18,Drama
93,9648,Mystery
585511,16,Animation
585511,12,Adventure
585511,35,Comedy
585511,14,Fantasy
83564,16,Animation
83564,10751,Family
934,80,Crime
934,53,Thriller
934,18,Drama
650031,10752,War
650031,18,Drama
650031,36,History
200727,10749,Romance
200727,18,Drama
200727,35,Comedy
585,16,Animation
585,35,Comedy
585,10751,Family
11049,16,Animation
11049,878,Science Fiction
11049,10402,Music
11049,12,Adventure
573164,16,Animation
573164,35,Comedy
573164,12,Adventure
573164,10751,Family
22596,35,Comedy
22596,10749,Romance
22596,53,Thriller
301,37,Western
152742,18,Drama
152742,10749,Romance
152742,80,Crime
968,80,Crime
968,18,Drama
968,53,Thriller
631,18,Drama
631,10749,Romance
6075,80,Crime
6075,18,Drama
6075,10749,Romance
6075,53,Thriller
826,18,Drama
826,36,History
826,10752,War
843906,16,Animation
843906,35,Comedy
843906,9648,Mystery
843906,10751,Family
843906,14,Fantasy
52629,18,Drama
52629,80,Crime
52629,35,Comedy
1018,53,Thriller
1018,18,Drama
1018,9648,Mystery
507089,27,Horror
507089,9648,Mystery
31011,878,Science Fiction
31011,18,Drama
31011,10749,Romance
31011,14,Fantasy
5511,80,Crime
5511,53,Thriller
556901,28,Action
556901,16,Animation
11656,18,Drama
22843,16,Animation
22843,878,Science Fiction
22843,28,Action
22843,18,Drama
10775,18,Drama
10775,28,Action
10775,53,Thriller
10775,80,Crime
10775,9648,Mystery
10774,18,Drama
12,16,Animation
12,10751,Family
71157,18,Drama
71157,53,Thriller
596,18,Drama
80,18,Drama
80,10749,Romance
56231,18,Drama
677638,16,Animation
677638,12,Adventure
677638,10751,Family
677638,35,Comedy
677638,10770,TV Movie
263115,28,Action
263115,18,Drama
263115,878,Science Fiction
805,18,Drama
805,27,Horror
805,53,Thriller
359156,80,Crime
359156,18,Drama
314365,18,Drama
314365,36,History
47931,18,Drama
47931,28,Action
47931,80,Crime
10191,14,Fantasy
10191,12,Adventure
10191,16,Animation
10191,10751,Family
22683,18,Drama
16859,16,Animation
16859,10751,Family
16859,14,Fantasy
674,12,Adventure
674,14,Fantasy
136,18,Drama
136,27,Horror
335578,10752,War
335578,18,Drama
335578,36,History
545611,28,Action
545611,12,Adventure
545611,878,Science Fiction
445030,16,Animation
445030,28,Action
445030,18,Drama
445030,10749,Romance
445030,14,Fantasy
445030,12,Adventure
126319,16,Animation
126319,35,Comedy
126319,18,Drama
126319,10751,Family
126319,12,Adventure
609242,35,Comedy
609242,53,Thriller
609242,80,Crime
2062,16,Animation
2062,35,Comedy
2062,10751,Family
2062,14,Fantasy
901563,18,Drama
5915,12,Adventure
5915,18,Drama
393559,16,Animation
393559,35,Comedy
393559,18,Drama
393559,10751,Family
393559,10749,Romance
367412,18,Drama
367412,10402,Music
31056,18,Drama
31056,10749,Romance
29458,18,Drama
29458,36,History
887,18,Drama
887,10749,Romance
887,10752,War
107,80,Crime
107,35,Comedy
579974,28,Action
579974,18,Drama
348892,35,Comedy
348892,18,Drama
348892,28,Action
29845,18,Drama
11953,28,Action
11953,18,Drama
11953,36,History
11953,10752,War
11602,18,Drama
4977,16,Animation
4977,9648,Mystery
4977,878,Science Fiction
4977,53,Thriller
25606,35,Comedy
762,12,Adventure
762,35,Comedy
762,14,Fantasy
49797,53,Thriller
49797,27,Horror
142,18,Drama
142,10749,Romance
882569,10752,War
882569,28,Action
882569,53,Thriller
582927,18,Drama
496450,16,Animation
496450,14,Fantasy
496450,28,Action
496450,10749,Romance
496450,10751,Family
21135,10749,Romance
21135,18,Drama
1280,18,Drama
1280,10749,Romance
1280,80,Crime
479718,28,Action
479718,80,Crime
502,18,Drama
502,53,Thriller
502,10752,War
262,18,Drama
262,35,Comedy
24480,16,Animation
24480,10751,Family
24480,35,Comedy
937278,35,Comedy
937278,18,Drama
323272,18,Drama
323272,10749,Romance
113833,18,Drama
22,12,Adventure
22,14,Fantasy
22,28,Action
776305,16,Animation
776305,878,Science Fiction
776305,10751,Family
10193,16,Animation
10193,10751,Family
10193,35,Comedy
419478,10749,Romance
419478,18,Drama
52345,35,Comedy
52345,10749,Romance
9421,35,Comedy
13042,16,Animation
13042,10751,Family
13042,35,Comedy
1366,18,Drama
1366,10749,Romance
726759,53,Thriller
726759,36,History
726759,18,Drama
84892,18,Drama
11697,37,Western
438631,878,Science Fiction
438631,12,Adventure
10315,12,Adventure
10315,16,Animation
10315,35,Comedy
10315,10751,Family
423612,18,Drama
423612,10749,Romance
277216,18,Drama
277216,10402,Music
277216,36,History
554590,35,Comedy
149870,18,Drama
149870,16,Animation
149870,10752,War
11621,10751,Family
11621,35,Comedy
11621,16,Animation
11621,12,Adventure
2118,80,Crime
2118,9648,Mystery
2118,53,Thriller
141,14,Fantasy
141,18,Drama
141,9648,Mystery
603692,28,Action
603692,53,Thriller
603692,80,Crime
14069,14,Fantasy
14069,16,Animation
14069,18,Drama
14069,878,Science Fiction
562,28,Action
562,53,Thriller
705861,18,Drama
705861,35,Comedy
30588,35,Comedy
30588,80,Crime
30588,18,Drama
770254,16,Animation
770254,10751,Family
770254,12,Adventure
770254,35,Comedy
49026,28,Action
49026,80,Crime
49026,18,Drama
49026,53,Thriller
486589,16,Animation
486589,10749,Romance
486589,10751,Family
486589,35,Comedy
486589,14,Fantasy
13855,80,Crime
13855,53,Thriller
13855,28,Action
9475,18,Drama
1626,18,Drama
169813,18,Drama
117,80,Crime
117,18,Drama
117,36,History
117,53,Thriller
915935,18,Drama
915935,9648,Mystery
5961,14,Fantasy
5961,18,Drama
5961,9648,Mystery
553,80,Crime
553,18,Drama
553,53,Thriller
1480,80,Crime
1480,53,Thriller
1480,9648,Mystery
336804,18,Drama
144,18,Drama
144,14,Fantasy
144,10749,Romance
86837,18,Drama
86837,10749,Romance
581528,80,Crime
581528,28,Action
581528,53,Thriller
25253,35,Comedy
25253,80,Crime
20126,27,Horror
20126,9648,Mystery
20126,53,Thriller
925,18,Drama
18079,80,Crime
18079,53,Thriller
14282,14,Fantasy
14282,12,Adventure
14282,16,Animation
12444,12,Adventure
12444,14,Fantasy
587,12,Adventure
587,14,Fantasy
587,18,Drama
428493,10749,Romance
428493,18,Drama
11902,35,Comedy
11902,18,Drama
11902,10752,War
5544,18,Drama
5544,36,History
5544,10749,Romance
396535,27,Horror
396535,53,Thriller
396535,28,Action
396535,12,Adventure
49687,18,Drama
49687,35,Comedy
49687,10749,Romance
531,16,Animation
531,35,Comedy
531,10751,Family
380,18,Drama
6844,18,Drama
6844,36,History
317442,28,Action
317442,10749,Romance
317442,16,Animation
1417,14,Fantasy
1417,18,Drama
1417,10752,War
583,35,Comedy
303,53,Thriller
303,10749,Romance
303,9648,Mystery
11005,18,Drama
744114,18,Drama
744114,10749,Romance
166428,16,Animation
166428,10751,Family
166428,12,Adventure
703,35,Comedy
703,18,Drama
703,10749,Romance
27670,35,Comedy
165,12,Adventure
165,35,Comedy
165,878,Science Fiction
382591,18,Drama
382591,35,Comedy
40662,878,Science Fiction
40662,80,Crime
40662,28,Action
40662,16,Animation
40662,9648,Mystery
14756,18,Drama
14756,28,Action
14756,36,History
2108,35,Comedy
2108,18,Drama
1700,18,Drama
1700,53,Thriller
766507,53,Thriller
766507,28,Action
766507,878,Science Fiction
492188,18,Drama
273248,18,Drama
273248,9648,Mystery
273248,37,Western
322,53,Thriller
322,80,Crime
322,18,Drama
322,9648,Mystery
10229,18,Drama
10229,10749,Romance
10227,35,Comedy
269149,16,Animation
269149,12,Adventure
269149,10751,Family
269149,35,Comedy
61979,10749,Romance
61979,18,Drama
10757,35,Comedy
10757,18,Drama
656563,10749,Romance
656563,35,Comedy
792,18,Drama
792,10752,War
792,28,Action
696,35,Comedy
696,18,Drama
696,10749,Romance
843241,16,Animation
843241,14,Fantasy
502033,18,Drama
502033,10402,Music
352173,80,Crime
352173,9648,Mystery
352173,53,Thriller
11220,28,Action
11220,10749,Romance
11220,80,Crime
375794,35,Comedy
22504,16,Animation
22504,10751,Family
22504,14,Fantasy
17483,18,Drama
17483,10749,Romance
873,18,Drama
873,36,History
873,80,Crime
143,18,Drama
143,10752,War
374473,18,Drama
45269,18,Drama
45269,36,History
539517,14,Fantasy
539517,16,Animation
539517,27,Horror
539517,28,Action
396,18,Drama
903,80,Crime
903,18,Drama
506574,10751,Family
506574,10770,TV Movie
506574,12,Adventure
506574,14,Fantasy
525,10402,Music
525,35,Comedy
525,28,Action
525,80,Crime
123025,878,Science Fiction
123025,28,Action
123025,16,Animation
123025,9648,Mystery
12429,16,Animation
12429,14,Fantasy
12429,10751,Family
49046,18,Drama
49046,10752,War
502356,16,Animation
502356,10751,Family
502356,12,Adventure
502356,14,Fantasy
502356,35,Comedy
177572,12,Adventure
177572,10751,Family
177572,16,Animation
177572,28,Action
177572,35,Comedy
33602,18,Drama
33602,36,History
30018,80,Crime
30018,18,Drama
30018,9648,Mystery
602063,28,Action
602063,12,Adventure
413594,16,Animation
413594,28,Action
413594,12,Adventure
413594,14,Fantasy
413594,10749,Romance
413594,878,Science Fiction
12405,18,Drama
12405,10749,Romance
16052,18,Drama
16052,10402,Music
16052,36,History
10020,10749,Romance
10020,10751,Family
10020,16,Animation
10020,14,Fantasy
334,18,Drama
713776,18,Drama
713776,16,Animation
211954,35,Comedy
211954,18,Drama
12491,18,Drama
808,16,Animation
808,35,Comedy
808,14,Fantasy
808,12,Adventure
808,10751,Family
234200,18,Drama
234200,35,Comedy
451945,18,Drama
216,10749,Romance
216,18,Drama
9800,18,Drama
404,18,Drama
359784,18,Drama
359784,10749,Romance
9552,27,Horror
556984,18,Drama
556984,36,History
24657,18,Drama
205,18,Drama
205,36,History
205,10752,War
337960,18,Drama
929170,35,Comedy
15265,35,Comedy
15265,18,Drama
15265,10751,Family
15265,14,Fantasy
963,9648,Mystery
963,80,Crime
963,53,Thriller
976573,16,Animation
976573,35,Comedy
976573,10751,Family
976573,14,Fantasy
976573,10749,Romance
573699,10749,Romance
573699,16,Animation
573699,14,Fantasy
508439,10751,Family
508439,16,Animation
508439,12,Adventure
508439,35,Comedy
508439,14,Fantasy
393729,18,Drama
672,12,Adventure
672,14,Fantasy
25050,18,Drama
25050,10751,Family
1908,18,Drama
336,37,Western
162,14,Fantasy
162,18,Drama
162,10749,Romance
869626,16,Animation
869626,35,Comedy
869626,18,Drama
869626,10751,Family
869626,14,Fantasy
24160,35,Comedy
15916,16,Animation
15916,14,Fantasy
15916,9648,Mystery
5528,18,Drama
3114,37,Western
16237,16,Animation
16237,28,Action
16237,878,Science Fiction
16237,10770,TV Movie
653,14,Fantasy
653,27,Horror
801335,80,Crime
801335,53,Thriller
801335,10770,TV Movie
96721,18,Drama
96721,28,Action
81401,18,Drama
203217,35,Comedy
724495,28,Action
724495,18,Drama
724495,36,History
24428,878,Science Fiction
24428,28,Action
24428,12,Adventure
19026,16,Animation
19026,10751,Family
804095,18,Drama
804095,35,Comedy
40619,16,Animation
40619,10751,Family
137182,18,Drama
20123,18,Drama
20123,35,Comedy
20123,80,Crime
20123,14,Fantasy
15121,18,Drama
15121,10751,Family
15121,10402,Music
15121,10749,Romance
242582,80,Crime
242582,18,Drama
242582,53,Thriller
309,18,Drama
537116,18,Drama
537116,10402,Music
244063,18,Drama
244063,10749,Romance
614917,18,Drama
614917,36,History
9806,28,Action
9806,12,Adventure
9806,16,Animation
9806,10751,Family
28162,35,Comedy
28162,14,Fantasy
28162,10749,Romance
28162,18,Drama
272,28,Action
272,80,Crime
272,18,Drama
11299,28,Action
11299,16,Animation
11299,878,Science Fiction
632,35,Comedy
632,10752,War
632,18,Drama
414906,80,Crime
414906,9648,Mystery
414906,53,Thriller
1027014,16,Animation
1027014,35,Comedy
1027014,10749,Romance
851,18,Drama
851,10749,Romance
499,18,Drama
297222,35,Comedy
297222,18,Drama
297222,12,Adventure
297222,878,Science Fiction
14811,18,Drama
14811,10749,Romance
13187,16,Animation
13187,10751,Family
13187,35,Comedy
13187,10770,TV Movie
9023,16,Animation
9023,12,Adventure
9023,35,Comedy
9023,10751,Family
9023,18,Drama
990,18,Drama
990,10749,Romance
688,18,Drama
688,10749,Romance
583083,35,Comedy
583083,10749,Romance
221732,28,Action
221732,12,Adventure
221732,18,Drama
221732,14,Fantasy
1040,18,Drama
767,12,Adventure
767,14,Fantasy
22881,18,Drama
13151,16,Animation
13151,9648,Mystery
13151,10751,Family
13151,27,Horror
20139,18,Drama
4808,35,Comedy
4808,9648,Mystery
4808,10749,Romance
4808,35,Comedy
4808,9648,Mystery
4808,10749,Romance
575452,18,Drama
575452,80,Crime
575452,53,Thriller
14811,18,Drama
14811,10749,Romance
508933,35,Comedy
1075,35,Comedy
1075,10749,Romance
1075,80,Crime
587272,35,Comedy
1633,18,Drama
1633,35,Comedy
83666,35,Comedy
83666,18,Drama
83666,10749,Romance
51608,28,Action
51608,53,Thriller
51608,80,Crime
4480,18,Drama
288,37,Western
288,18,Drama
8416,18,Drama
8016,18,Drama
841755,16,Animation
841755,28,Action
841755,14,Fantasy
498249,35,Comedy
238628,18,Drama
238628,10752,War
803700,18,Drama
581577,10752,War
581577,18,Drama
369299,35,Comedy
369299,10749,Romance
5910,80,Crime
5910,18,Drama
675,12,Adventure
675,14,Fantasy
795514,18,Drama
13929,16,Animation
13929,10751,Family
286217,18,Drama
286217,12,Adventure
286217,878,Science Fiction
446159,9648,Mystery
446159,37,Western
446159,53,Thriller
371645,12,Adventure
371645,35,Comedy
371645,18,Drama
522627,28,Action
522627,80,Crime
522627,35,Comedy
167581,18,Drama
167581,10749,Romance
845,80,Crime
845,53,Thriller
16306,16,Animation
16306,878,Science Fiction
773,35,Comedy
773,18,Drama
11898,35,Comedy
11898,18,Drama
11898,80,Crime
2493,12,Adventure
2493,10751,Family
2493,14,Fantasy
2493,35,Comedy
2493,10749,Romance
49992,10751,Family
49992,16,Animation
44214,18,Drama
44214,53,Thriller
44214,27,Horror
27040,9648,Mystery
27040,14,Fantasy
68,35,Comedy
68,878,Science Fiction
993,9648,Mystery
993,53,Thriller
993,80,Crime
993,35,Comedy
1904,18,Drama
1904,10749,Romance
1904,36,History
247,80,Crime
247,53,Thriller
756999,27,Horror
756999,53,Thriller
1632,18,Drama
1632,80,Crime
164,35,Comedy
164,10749,Romance
164,18,Drama
108,18,Drama
426426,18,Drama
23832,12,Adventure
23832,35,Comedy
11474,28,Action
11474,53,Thriller
100402,28,Action
100402,12,Adventure
100402,878,Science Fiction
82702,14,Fantasy
82702,28,Action
82702,12,Adventure
82702,16,Animation
82702,35,Comedy
82702,10751,Family
3763,27,Horror
3763,18,Drama
342470,10749,Romance
342470,18,Drama
11787,35,Comedy
11787,14,Fantasy
1587,10749,Romance
1587,18,Drama
14580,80,Crime
14580,53,Thriller
980,37,Western
980,18,Drama
589739,16,Animation
589739,10751,Family
589739,35,Comedy
891,18,Drama
891,36,History
891,9648,Mystery
891,53,Thriller
12516,14,Fantasy
12516,18,Drama
12548,35,Comedy
12548,18,Drama
336808,18,Drama
336808,12,Adventure
578,27,Horror
578,53,Thriller
578,12,Adventure
158,35,Comedy
158,80,Crime
15794,80,Crime
15794,18,Drama
15794,53,Thriller
8358,12,Adventure
8358,18,Drama
637649,53,Thriller
637649,28,Action
637649,80,Crime
177945,18,Drama
580175,35,Comedy
580175,18,Drama
471707,18,Drama
11482,53,Thriller
11482,27,Horror
11482,9648,Mystery
4497,18,Drama
995,37,Western
995,12,Adventure
144288,28,Action
144288,12,Adventure
144288,18,Drama
144288,14,Fantasy
144288,16,Animation
261,18,Drama
12501,18,Drama
12501,37,Western
12501,10749,Romance
12219,80,Crime
12219,18,Drama
12219,10770,TV Movie
10633,80,Crime
10633,18,Drama
10633,9648,Mystery
10633,53,Thriller
1592,80,Crime
1592,18,Drama
1592,9648,Mystery
1592,53,Thriller
110160,18,Drama
110160,10749,Romance
76600,878,Science Fiction
76600,12,Adventure
76600,28,Action
11362,12,Adventure
11362,18,Drama
11362,36,History
4347,18,Drama
4347,10749,Romance
976,18,Drama
573171,16,Animation
573171,12,Adventure
573171,35,Comedy
573171,10751,Family
50531,35,Comedy
13002,16,Animation
13002,10751,Family
99,35,Comedy
99,18,Drama
227932,35,Comedy
2433,10749,Romance
2433,35,Comedy
2433,18,Drama
218,28,Action
218,53,Thriller
218,878,Science Fiction
399566,28,Action
399566,878,Science Fiction
399566,53,Thriller
51739,14,Fantasy
51739,16,Animation
51739,10751,Family
29154,18,Drama
15137,16,Animation
15137,878,Science Fiction
15137,28,Action
15137,18,Drama
8832,18,Drama
812,16,Animation
812,10751,Family
812,12,Adventure
812,14,Fantasy
812,10749,Romance
37247,35,Comedy
37247,18,Drama
37247,10749,Romance
12093,80,Crime
12093,18,Drama
702,18,Drama
30020,18,Drama
981,35,Comedy
981,10749,Romance
320007,80,Crime
320007,53,Thriller
320007,10749,Romance
513434,35,Comedy
513434,27,Horror
28580,18,Drama
4995,18,Drama
672322,28,Action
672322,12,Adventure
672322,18,Drama
672322,10749,Romance
221731,28,Action
221731,12,Adventure
221731,18,Drama
221731,14,Fantasy
13980,28,Action
13980,16,Animation
13980,36,History
871,878,Science Fiction
871,12,Adventure
871,18,Drama
871,28,Action
966220,10752,War
966220,28,Action
966220,18,Drama
466420,80,Crime
466420,18,Drama
466420,36,History
1726,28,Action
1726,878,Science Fiction
1726,12,Adventure
313297,16,Animation
313297,12,Adventure
313297,10751,Family
1939,18,Drama
1939,9648,Mystery
643,18,Drama
643,36,History
643,10752,War
466282,35,Comedy
466282,10749,Romance
207703,80,Crime
207703,35,Comedy
207703,28,Action
207703,12,Adventure
597922,18,Drama
597922,35,Comedy
597922,10752,War
877703,28,Action
877703,14,Fantasy
877703,10770,TV Movie
534780,80,Crime
534780,9648,Mystery
534780,53,Thriller
514439,18,Drama
514439,14,Fantasy
4495,18,Drama
4495,14,Fantasy
793,80,Crime
793,9648,Mystery
793,53,Thriller
793,10749,Romance
596054,35,Comedy
596054,53,Thriller
14813,10751,Family
14813,16,Animation
13466,18,Drama
13466,10751,Family
1712,18,Drama
1712,37,Western
746,18,Drama
746,36,History
10637,18,Drama
55,18,Drama
55,53,Thriller
517093,18,Drama
517093,28,Action
517093,10752,War
180299,28,Action
180299,80,Crime
180299,53,Thriller
74308,18,Drama
10754,80,Crime
10754,18,Drama
212,35,Comedy
212,80,Crime
1075794,16,Animation
1075794,35,Comedy
1075794,10751,Family
899405,18,Drama
899405,10749,Romance
431693,16,Animation
431693,28,Action
431693,12,Adventure
431693,35,Comedy
431693,10751,Family
20992,18,Drama
20992,80,Crime
14438,18,Drama
728118,10752,War
728118,18,Drama
728118,36,History
568124,16,Animation
568124,35,Comedy
568124,10751,Family
568124,14,Fantasy
25188,18,Drama
19101,18,Drama
19101,10751,Family
19101,14,Fantasy
14624,10749,Romance
14624,18,Drama
14624,10751,Family
283995,878,Science Fiction
283995,12,Adventure
283995,28,Action
9343,18,Drama
9343,12,Adventure
381289,12,Adventure
381289,35,Comedy
381289,14,Fantasy
381289,10751,Family
381289,18,Drama
265169,18,Drama
38251,35,Comedy
38251,10749,Romance
38251,10752,War
10835,28,Action
10835,80,Crime
10835,18,Drama
10835,53,Thriller
1093,80,Crime
1093,18,Drama
1093,53,Thriller
13386,35,Comedy
419430,9648,Mystery
419430,53,Thriller
419430,27,Horror
707886,35,Comedy
707886,10402,Music
707886,18,Drama
585244,10402,Music
585244,18,Drama
585244,10749,Romance
17058,18,Drama
17058,80,Crime
10331,27,Horror
348678,35,Comedy
348678,18,Drama
13363,878,Science Fiction
13363,18,Drama
11657,53,Thriller
11657,80,Crime
9912,18,Drama
9912,12,Adventure
9912,36,History
576,37,Western
627725,18,Drama
398978,80,Crime
398978,18,Drama
398978,36,History
650,80,Crime
650,18,Drama
1933,27,Horror
1933,9648,Mystery
1933,53,Thriller
137113,28,Action
137113,878,Science Fiction
11321,18,Drama
9444,16,Animation
9444,10751,Family
9444,14,Fantasy
9444,12,Adventure
20108,18,Drama
21191,18,Drama
21191,28,Action
21191,53,Thriller
21191,80,Crime
18329,18,Drama
18329,10749,Romance
137,10749,Romance
137,14,Fantasy
137,18,Drama
137,35,Comedy
293660,28,Action
293660,12,Adventure
293660,35,Comedy
9693,18,Drama
9693,28,Action
9693,53,Thriller
9693,878,Science Fiction
309809,12,Adventure
309809,16,Animation
309809,14,Fantasy
309809,10751,Family
3309,80,Crime
3309,18,Drama
244,12,Adventure
244,14,Fantasy
244,27,Horror
284427,53,Thriller
910,80,Crime
910,9648,Mystery
910,10749,Romance
910,53,Thriller
1678,53,Thriller
1678,27,Horror
1678,878,Science Fiction
599521,14,Fantasy
599521,10749,Romance
599521,10770,TV Movie
333339,12,Adventure
333339,28,Action
333339,878,Science Fiction
38757,16,Animation
38757,10751,Family
9377,35,Comedy
820,18,Drama
820,53,Thriller
820,36,History
642,37,Western
63,878,Science Fiction
63,53,Thriller
63,9648,Mystery
1076364,16,Animation
1076364,12,Adventure
1076364,10751,Family
586863,80,Crime
586863,18,Drama
586863,53,Thriller
366170,12,Adventure
366170,16,Animation
306819,18,Drama
118406,16,Animation
118406,14,Fantasy
118406,28,Action
11969,37,Western
11969,28,Action
4481,18,Drama
629542,16,Animation
629542,28,Action
629542,12,Adventure
629542,80,Crime
629542,35,Comedy
629542,10751,Family
489999,53,Thriller
489999,9648,Mystery
489999,18,Drama
222935,10749,Romance
222935,18,Drama
10322,35,Comedy
10322,18,Drama
3580,80,Crime
3580,18,Drama
3580,9648,Mystery
